employee_id,employee_name,role,department,salary,assigned_station_id,join_date,age,gender,experience_years
EMP0001,Ramesh Singh,Train Driver,Safety,68066.11,ST009,2016-12-12,56,Male,30
EMP0002,Anil Singh,Admin Staff,Safety,28966.86,ST053,2006-05-02,33,Female,25
EMP0003,Arjun Menon,Cleaner,Safety,81067.14,ST049,2004-01-15,46,Male,22
EMP0004,Divya Bose,Ticket Collector,Security,132535.82,ST016,2013-06-05,33,Male,17
EMP0005,Rajesh Joshi,Electrical Engineer,Operations,119522.43,ST039,2013-03-07,51,Male,18
EMP0006,Deepak Joshi,Station Master,Safety,68269.97,ST036,2021-03-26,34,Male,2
EMP0007,Asha Menon,Signal Operator,Ticketing,142029.74,ST003,2021-03-25,37,Female,3
EMP0008,Sunita Sen,Train Driver,Safety,99723.11,ST007,2013-08-09,37,Male,13
EMP0009,Sanjay Joshi,Booking Clerk,Engineering,119298.21,ST008,2007-11-27,30,Male,8
EMP0010,Vijay Roy,Cleaner,Catering,99739.71,ST042,2015-10-24,37,Male,29
EMP0011,Rajesh Das,Station Master,Safety,62562.62,ST008,2011-05-24,57,Female,21
EMP0012,Divya Menon,Booking Clerk,Safety,30860.51,ST045,2013-10-05,46,Male,23
EMP0013,Rekha Menon,Ticket Collector,Administration,72057.52,ST069,2019-06-11,52,Female,28
EMP0014,Meena Reddy,Electrical Engineer,Security,43043.97,ST060,2020-07-14,25,Male,14
EMP0015,Usha Das,Ticket Collector,Safety,55357.31,ST027,2002-10-20,43,Male,30
EMP0016,Sanjay Pillai,Guard,Catering,115573.09,ST025,2007-09-05,25,Male,13
EMP0017,Divya Sen,Signal Operator,Operations,134202.56,ST025,2011-03-22,59,Female,16
EMP0018,Suresh Nair,Maintenance Engineer,Operations,51475.97,ST025,2000-02-08,29,Male,30
EMP0019,Meena Sen,Train Manager,Engineering,74579.01,ST031,2015-12-28,57,Male,25
EMP0020,Pooja Iyer,Catering Staff,Catering,106090.17,ST040,2007-05-20,38,Male,17
EMP0021,Anil Mukherjee,Catering Staff,Operations,125352.08,ST061,2015-03-13,42,Female,12
EMP0022,Vikram Menon,Train Driver,Catering,133010.61,ST019,2003-05-15,23,Male,18
EMP0023,Shanti Roy,Signal Operator,Security,77197.26,ST020,2000-12-17,34,Male,8
EMP0024,Deepak Roy,Electrical Engineer,Engineering,87412.69,ST044,2003-02-20,38,Male,24
EMP0025,Arjun Mukherjee,Catering Staff,Engineering,116596.53,ST046,2005-08-11,32,Female,24
EMP0026,Usha Mukherjee,Ticket Collector,Catering,148790.44,ST008,2003-05-16,55,Male,27
EMP0027,Lata Singh,Electrical Engineer,Security,31064.3,ST001,2015-03-23,48,Female,27
EMP0028,Arjun Joshi,Guard,Security,43878.71,ST028,2020-05-24,54,Male,12
EMP0029,Priya Sen,Platform Supervisor,Security,141737.97,ST062,2018-12-26,53,Male,1
EMP0030,Usha Bose,Security Officer,Operations,27090.77,ST036,2006-05-08,56,Male,1
EMP0031,Mohan Menon,Mechanical Engineer,Engineering,38377.05,ST013,2005-09-26,55,Female,8
EMP0032,Suresh Sen,Booking Clerk,Administration,126901.8,ST035,2015-11-02,47,Male,12
EMP0033,Deepak Chatterjee,Signal Operator,Engineering,148779.13,ST029,2012-05-01,41,Male,21
EMP0034,Lata Verma,Guard,Safety,72408,ST071,2004-10-14,52,Male,21
EMP0035,Rahul Gupta,Guard,Safety,130666.22,ST043,2016-02-11,58,Male,29
EMP0036,Mohan Verma,Station Master,Engineering,137659.12,ST073,2018-01-10,52,Male,2
EMP0037,Shanti Singh,Platform Supervisor,Administration,137413.96,ST073,2001-12-08,24,Female,30
EMP0038,Lata Nair,Train Driver,Engineering,98379.51,ST051,2012-07-29,26,Male,6
EMP0039,Ramesh Joshi,Signal Operator,Ticketing,131180.3,ST070,2006-04-28,43,Male,25
EMP0040,Nisha Patel,Mechanical Engineer,Security,115520.45,ST065,2014-12-18,44,Male,4
EMP0041,Rekha Joshi,Electrical Engineer,Operations,67574.09,ST051,2014-08-21,42,Male,21
EMP0042,Arun Chatterjee,Catering Staff,Engineering,69476.4,ST049,2023-03-17,49,Female,22
EMP0043,Ramesh Iyer,Guard,Ticketing,102326.99,ST032,2008-11-07,26,Male,9
EMP0044,Rajesh Iyer,Train Manager,Ticketing,104237.61,ST050,2001-10-21,42,Male,4
EMP0045,Amit Sharma,Maintenance Engineer,Safety,69989.69,ST035,2008-08-12,28,Female,3
EMP0046,Kavita Menon,Catering Staff,Catering,94342.5,ST053,2007-12-12,28,Male,3
EMP0047,Anita Bose,Guard,Catering,99755.47,ST042,2018-06-06,46,Male,10
EMP0048,Rekha Iyer,Mechanical Engineer,Operations,115605.48,ST072,2007-06-07,37,Female,22
EMP0049,Deepak Gupta,Ticket Collector,Administration,62641.41,ST064,2002-03-04,31,Male,6
EMP0050,Rekha Rao,Security Officer,Administration,85528.91,ST010,2013-04-17,45,Male,8
EMP0051,Nisha Mukherjee,Signal Operator,Catering,49443.53,ST014,2016-08-10,30,Male,1
EMP0052,Deepak Nair,Electrical Engineer,Catering,72486.24,ST043,2014-12-20,50,Male,14
EMP0053,Vijay Sen,Ticket Collector,Administration,65083.14,ST026,2011-04-28,52,Male,6
EMP0054,Deepak Nair,Maintenance Engineer,Security,111869.72,ST063,2004-09-05,58,Female,11
EMP0055,Deepak Rao,Electrical Engineer,Ticketing,74116.89,ST015,2023-08-06,58,Female,19
EMP0056,Usha Gupta,Platform Supervisor,Ticketing,93762.39,ST060,2021-09-06,35,Male,26
EMP0057,Pooja Singh,Electrical Engineer,Ticketing,124457.1,ST053,2019-03-14,53,Female,21
EMP0058,Pooja Joshi,Maintenance Engineer,Security,44267.9,ST055,2001-03-12,46,Male,15
EMP0059,Sita Mukherjee,Signal Operator,Safety,91795.93,ST054,2022-02-13,56,Male,26
EMP0060,Anita Bose,Signal Operator,Security,139300.16,ST014,2000-09-23,37,Male,6
EMP0061,Arjun Sen,Train Driver,Catering,147951.03,ST052,2008-05-25,43,Male,4
EMP0062,Rahul Kumar,Maintenance Engineer,Engineering,88834.53,ST067,2023-11-03,57,Female,15
EMP0063,Anita Iyer,Catering Staff,Ticketing,109944.44,ST065,2002-09-24,31,Male,1
EMP0064,Geeta Kumar,Maintenance Engineer,Safety,140068.44,ST011,2006-05-10,29,Female,12
EMP0065,Pooja Nair,Catering Staff,Ticketing,50858.42,ST062,2009-03-19,44,Male,4
EMP0066,Sanjay Chatterjee,Cleaner,Operations,62533.01,ST015,2004-04-05,23,Male,21
EMP0067,Sunita Gupta,Admin Staff,Security,55489.12,ST023,2012-07-23,57,Female,11
EMP0068,Usha Menon,Catering Staff,Engineering,124719.47,ST024,2003-06-03,33,Male,13
EMP0069,Rahul Sen,Admin Staff,Engineering,81196.88,ST055,2019-10-03,46,Male,23
EMP0070,Suresh Mehta,Maintenance Engineer,Ticketing,112969.97,ST009,2019-09-17,58,Male,26
EMP0071,Lata Bose,Ticket Collector,Administration,65748.11,ST059,2013-04-28,29,Male,22
EMP0072,Lata Mukherjee,Booking Clerk,Security,64175.51,ST050,2023-05-23,47,Male,12
EMP0073,Anita Chatterjee,Signal Operator,Engineering,126717.28,ST039,2010-06-01,59,Male,22
EMP0074,Rajesh Nair,Guard,Engineering,63172.5,ST024,2012-01-16,45,Female,17
EMP0075,Deepak Menon,Signal Operator,Engineering,96850.76,ST055,2009-08-02,33,Male,21
EMP0076,Usha Gupta,Booking Clerk,Engineering,86205.25,ST018,2002-11-01,33,Male,27
EMP0077,Sanjay Sen,Train Driver,Ticketing,69879.9,ST002,2006-02-26,53,Female,7
EMP0078,Vijay Iyer,Booking Clerk,Catering,106633.72,ST053,2010-04-02,53,Male,23
EMP0079,Vijay Chatterjee,Catering Staff,Engineering,35333.83,ST004,2012-11-12,36,Male,2
EMP0080,Arun Joshi,Booking Clerk,Administration,46026.12,ST059,2018-11-15,58,Male,18
EMP0081,Mohan Kumar,Signal Operator,Operations,58486.11,ST070,2002-11-27,45,Male,25
EMP0082,Nisha Chatterjee,Booking Clerk,Engineering,148721.97,ST014,2005-05-27,37,Male,28
EMP0083,Priya Chatterjee,Maintenance Engineer,Administration,132774.95,ST012,2010-09-19,50,Male,25
EMP0084,Asha Joshi,Station Master,Ticketing,117201.62,ST045,2011-10-22,49,Female,20
EMP0085,Rajesh Mehta,Electrical Engineer,Engineering,125680.06,ST073,2014-07-12,44,Male,20
EMP0086,Usha Gupta,Cleaner,Security,61579.34,ST074,2004-03-17,39,Male,5
EMP0087,Ravi Menon,Admin Staff,Operations,149060.78,ST017,2014-07-26,30,Female,5
EMP0088,Kiran Nair,Electrical Engineer,Engineering,120184.2,ST051,2005-10-23,53,Female,19
EMP0089,Arjun Rao,Platform Supervisor,Safety,71896.54,ST010,2003-07-16,27,Male,17
EMP0090,Nisha Rao,Train Manager,Administration,81836.96,ST063,2019-03-07,42,Male,28
EMP0091,Ravi Singh,Train Manager,Safety,104355.07,ST046,2006-04-19,26,Male,7
EMP0092,Rekha Mehta,Catering Staff,Administration,65358.14,ST037,2007-02-07,43,Female,19
EMP0093,Lata Mukherjee,Mechanical Engineer,Administration,136769.33,ST007,2022-06-29,24,Male,21
EMP0094,Asha Chatterjee,Train Driver,Operations,141179.11,ST021,2010-02-22,50,Male,1
EMP0095,Rekha Mehta,Train Manager,Engineering,135268.47,ST039,2002-02-16,32,Male,3
EMP0096,Arjun Pillai,Maintenance Engineer,Operations,71480.47,ST022,2023-08-07,25,Male,21
EMP0097,Pooja Joshi,Security Officer,Security,36399.9,ST013,2003-01-10,22,Female,16
EMP0098,Amit Patel,Signal Operator,Engineering,89930.53,ST057,2019-09-20,22,Male,23
EMP0099,Vikram Kumar,Electrical Engineer,Safety,111753.88,ST062,2005-12-01,26,Female,13
EMP0100,Amit Kumar,Guard,Administration,70945.21,ST039,2000-10-01,30,Male,25
EMP0101,Vijay Patel,Platform Supervisor,Security,42856.63,ST068,2001-11-30,58,Male,20
EMP0102,Arjun Gupta,Catering Staff,Administration,115304,ST020,2008-11-28,48,Male,28
EMP0103,Suresh Singh,Admin Staff,Operations,42501.64,ST016,2005-06-20,59,Male,12
EMP0104,Rekha Nair,Mechanical Engineer,Engineering,55973.3,ST011,2002-11-23,37,Male,25
EMP0105,Kiran Sharma,Electrical Engineer,Ticketing,107300.67,ST039,2014-06-03,35,Female,24
EMP0106,Deepak Reddy,Platform Supervisor,Operations,122975.2,ST031,2010-01-28,53,Male,4
EMP0107,Meena Mukherjee,Platform Supervisor,Catering,33876.5,ST002,2023-12-29,45,Male,5
EMP0108,Deepak Roy,Security Officer,Administration,93294.53,ST023,2014-10-05,52,Male,1
EMP0109,Ramesh Singh,Train Driver,Administration,51967.87,ST008,2020-07-24,47,Male,21
EMP0110,Kiran Das,Mechanical Engineer,Safety,77946.9,ST052,2015-10-08,27,Female,9
EMP0111,Amit Reddy,Guard,Catering,140115.61,ST020,2022-06-14,56,Male,13
EMP0112,Ramesh Singh,Maintenance Engineer,Security,79685.76,ST031,2015-05-24,25,Female,3
EMP0113,Shanti Menon,Guard,Safety,101537.1,ST008,2013-08-12,41,Female,4
EMP0114,Rahul Patel,Train Manager,Operations,45479.08,ST045,2016-10-12,55,Male,6
EMP0115,Anita Patel,Train Manager,Ticketing,134182.51,ST016,2011-01-04,23,Male,26
EMP0116,Rekha Rao,Booking Clerk,Operations,57868.71,ST074,2012-12-25,26,Male,15
EMP0117,Mohan Pillai,Train Driver,Safety,132419.97,ST022,2008-08-25,45,Female,9
EMP0118,Ravi Kumar,Admin Staff,Catering,109265.05,ST015,2016-06-10,36,Male,2
EMP0119,Lata Sharma,Station Master,Operations,83970.57,ST050,2008-04-19,31,Female,30
EMP0120,Lata Verma,Booking Clerk,Ticketing,139243.46,ST054,2022-12-24,36,Male,8
EMP0121,Rekha Nair,Maintenance Engineer,Ticketing,34735.88,ST048,2010-03-26,29,Male,6
EMP0122,Meena Das,Train Driver,Safety,33615.8,ST060,2022-08-01,40,Male,11
EMP0123,Amit Bose,Catering Staff,Operations,71114.92,ST038,2012-06-04,58,Male,24
EMP0124,Sita Joshi,Catering Staff,Administration,98961.37,ST064,2018-09-21,34,Female,5
EMP0125,Rahul Menon,Train Driver,Engineering,92693.15,ST002,2003-05-13,43,Male,25
EMP0126,Divya Iyer,Electrical Engineer,Security,115901.88,ST014,2018-09-03,35,Female,14
EMP0127,Geeta Verma,Ticket Collector,Security,59978.16,ST006,2008-05-02,36,Male,23
EMP0128,Anil Pillai,Catering Staff,Security,35612.8,ST013,2018-02-02,54,Female,21
EMP0129,Vijay Iyer,Guard,Catering,95977.59,ST056,2016-04-11,30,Female,10
EMP0130,Arun Nair,Admin Staff,Ticketing,74119.08,ST042,2013-06-18,42,Male,9
EMP0131,Meena Singh,Station Master,Engineering,122492.12,ST075,2001-06-20,28,Female,4
EMP0132,Kavita Chatterjee,Catering Staff,Administration,75814.07,ST069,2008-05-04,44,Female,15
EMP0133,Pooja Chatterjee,Maintenance Engineer,Ticketing,39989.19,ST021,2002-11-08,41,Male,7
EMP0134,Vijay Nair,Ticket Collector,Operations,113894.67,ST046,2000-10-28,47,Male,22
EMP0135,Pooja Rao,Electrical Engineer,Engineering,28885.26,ST052,2005-07-02,50,Female,4
EMP0136,Sanjay Kumar,Mechanical Engineer,Ticketing,42474.13,ST002,2003-02-04,25,Female,5
EMP0137,Suresh Iyer,Cleaner,Security,103787.19,ST011,2015-02-03,59,Male,30
EMP0138,Vijay Singh,Train Driver,Operations,49718.79,ST057,2003-06-17,30,Male,29
EMP0139,Lata Nair,Guard,Operations,142785.08,ST007,2014-09-07,32,Male,27
EMP0140,Nisha Iyer,Catering Staff,Operations,72841.18,ST055,2004-04-11,33,Male,7
EMP0141,Shanti Gupta,Maintenance Engineer,Administration,80751.43,ST020,2019-11-02,24,Female,21
EMP0142,Pooja Mukherjee,Security Officer,Catering,84878.87,ST012,2018-07-25,39,Male,5
EMP0143,Rekha Mehta,Platform Supervisor,Ticketing,90726.76,ST070,2008-10-04,23,Male,26
EMP0144,Kiran Pillai,Catering Staff,Catering,122679.39,ST045,2008-08-11,58,Male,13
EMP0145,Arun Gupta,Train Driver,Administration,99639.54,ST004,2001-03-02,39,Male,26
EMP0146,Geeta Das,Cleaner,Ticketing,97998.61,ST030,2021-06-11,32,Male,8
EMP0147,Divya Joshi,Maintenance Engineer,Catering,127035.65,ST008,2018-12-18,36,Male,12
EMP0148,Shanti Gupta,Ticket Collector,Engineering,99064.94,ST046,2014-03-18,59,Male,23
EMP0149,Kiran Pillai,Signal Operator,Catering,42762.79,ST025,2021-10-29,53,Male,6
EMP0150,Geeta Verma,Guard,Operations,54077.92,ST029,2005-06-03,23,Male,1
EMP0151,Vikram Sen,Station Master,Ticketing,41311.19,ST023,2000-10-02,42,Male,1
EMP0152,Rajesh Roy,Train Manager,Engineering,121795.81,ST068,2010-06-23,45,Male,12
EMP0153,Kiran Iyer,Signal Operator,Operations,67070.13,ST042,2013-06-15,30,Female,24
EMP0154,Rekha Mukherjee,Platform Supervisor,Administration,46775.33,ST072,2005-05-30,44,Female,22
EMP0155,Ramesh Gupta,Security Officer,Administration,116749.37,ST038,2021-12-10,30,Female,24
EMP0156,Rahul Roy,Security Officer,Ticketing,149285.39,ST073,2017-10-03,24,Female,20
EMP0157,Vikram Sen,Station Master,Security,95693.78,ST064,2016-12-03,31,Male,24
EMP0158,Amit Joshi,Cleaner,Administration,45985.93,ST012,2007-11-29,43,Male,1
EMP0159,Arun Mehta,Station Master,Security,33474.35,ST033,2006-03-18,28,Male,2
EMP0160,Deepak Chatterjee,Train Manager,Safety,146137.73,ST053,2018-02-26,53,Male,12
EMP0161,Usha Iyer,Guard,Ticketing,84936.16,ST074,2014-05-11,36,Female,15
EMP0162,Amit Verma,Maintenance Engineer,Operations,64839.61,ST014,2016-07-12,26,Male,6
EMP0163,Anil Iyer,Ticket Collector,Security,34375.3,ST012,2007-04-22,43,Male,23
EMP0164,Rahul Menon,Platform Supervisor,Engineering,100914.7,ST056,2022-08-30,32,Male,4
EMP0165,Vikram Mehta,Station Master,Safety,112149.59,ST070,2019-05-27,38,Male,10
EMP0166,Meena Kumar,Train Driver,Safety,96471.23,ST063,2018-02-20,31,Male,12
EMP0167,Rahul Menon,Guard,Administration,127987.16,ST062,2005-05-09,34,Male,1
EMP0168,Suresh Gupta,Platform Supervisor,Administration,147132.21,ST061,2010-02-12,29,Male,26
EMP0169,Deepak Mukherjee,Catering Staff,Security,58125.55,ST070,2007-10-26,46,Female,12
EMP0170,Anil Iyer,Cleaner,Engineering,80721.91,ST034,2016-08-13,50,Male,9
EMP0171,Meena Rao,Signal Operator,Operations,43891.33,ST013,2019-11-19,27,Male,26
EMP0172,Usha Menon,Mechanical Engineer,Catering,53439.09,ST008,2014-06-20,46,Male,18
EMP0173,Divya Mukherjee,Signal Operator,Engineering,84532.79,ST011,2009-04-03,47,Male,17
EMP0174,Ramesh Das,Mechanical Engineer,Catering,109691.86,ST019,2021-05-05,29,Male,6
EMP0175,Kavita Mehta,Mechanical Engineer,Engineering,40773.25,ST055,2014-12-23,27,Male,7
EMP0176,Vijay Patel,Electrical Engineer,Catering,57235.79,ST009,2003-01-05,27,Male,18
EMP0177,Deepak Bose,Cleaner,Ticketing,59525.1,ST059,2020-02-06,22,Male,4
EMP0178,Rekha Patel,Ticket Collector,Catering,98491.77,ST013,2000-01-26,28,Male,26
EMP0179,Pooja Bose,Admin Staff,Administration,134736.7,ST034,2009-04-04,46,Male,19
EMP0180,Sita Mukherjee,Train Driver,Engineering,59426.77,ST019,2013-12-16,60,Male,2
EMP0181,Deepak Nair,Train Manager,Engineering,31161.37,ST061,2015-01-26,39,Male,1
EMP0182,Vikram Reddy,Maintenance Engineer,Administration,130355.82,ST013,2007-06-16,36,Female,10
EMP0183,Nisha Chatterjee,Mechanical Engineer,Ticketing,65108.54,ST054,2000-12-11,60,Male,7
EMP0184,Sanjay Mehta,Admin Staff,Ticketing,75896.3,ST063,2022-05-30,55,Male,27
EMP0185,Priya Das,Mechanical Engineer,Engineering,33202.12,ST065,2001-06-18,47,Female,25
EMP0186,Lata Das,Admin Staff,Catering,28618.52,ST025,2004-08-21,34,Male,8
EMP0187,Priya Chatterjee,Train Driver,Administration,113079.24,ST036,2022-10-14,45,Male,17
EMP0188,Deepak Kumar,Platform Supervisor,Operations,55242.26,ST063,2016-04-24,60,Male,6
EMP0189,Lata Mukherjee,Signal Operator,Catering,68719.99,ST021,2002-08-22,38,Male,10
EMP0190,Rahul Iyer,Train Driver,Engineering,131727.67,ST028,2011-12-04,36,Female,22
EMP0191,Suresh Rao,Platform Supervisor,Safety,89160.15,ST002,2022-11-26,52,Female,21
EMP0192,Kavita Sen,Mechanical Engineer,Operations,52971.25,ST040,2009-12-17,39,Male,29
EMP0193,Deepak Pillai,Catering Staff,Administration,52276.13,ST039,2002-07-23,55,Male,19
EMP0194,Sunita Sharma,Booking Clerk,Security,145810.68,ST048,2007-11-28,57,Male,10
EMP0195,Divya Kumar,Catering Staff,Operations,67035.46,ST036,2020-12-08,42,Male,9
EMP0196,Arjun Reddy,Station Master,Engineering,89661.7,ST031,2015-06-19,25,Male,22
EMP0197,Vikram Patel,Train Manager,Operations,106925.07,ST038,2008-10-30,38,Male,13
EMP0198,Deepak Verma,Signal Operator,Security,149344.22,ST025,2000-07-13,43,Female,22
EMP0199,Usha Mukherjee,Admin Staff,Security,69812.14,ST039,2000-03-29,32,Female,10
EMP0200,Sunita Mukherjee,Ticket Collector,Security,57331.48,ST072,2006-12-04,33,Male,21
EMP0201,Amit Joshi,Cleaner,Engineering,118026.24,ST040,2020-02-26,48,Male,12
EMP0202,Arun Roy,Maintenance Engineer,Safety,131401.74,ST061,2004-09-27,25,Male,16
EMP0203,Anil Mehta,Booking Clerk,Operations,133437.22,ST049,2005-01-07,55,Male,14
EMP0204,Priya Patel,Ticket Collector,Engineering,67833.74,ST073,2002-04-14,51,Female,11
EMP0205,Lata Gupta,Mechanical Engineer,Operations,85947.61,ST023,2014-11-29,42,Male,1
EMP0206,Sanjay Rao,Station Master,Ticketing,121692.78,ST074,2000-05-13,32,Male,26
EMP0207,Ravi Singh,Ticket Collector,Catering,79213.93,ST055,2021-12-01,47,Male,16
EMP0208,Deepak Sharma,Train Driver,Catering,49926.78,ST048,2007-01-03,22,Male,25
EMP0209,Vijay Das,Station Master,Operations,109593.52,ST032,2004-06-30,36,Male,10
EMP0210,Rajesh Kumar,Security Officer,Catering,98583.84,ST022,2003-11-25,26,Male,10
EMP0211,Pooja Chatterjee,Train Manager,Catering,99546.24,ST044,2012-12-09,49,Female,11
EMP0212,Anil Mukherjee,Cleaner,Ticketing,48553.25,ST052,2021-07-16,23,Female,8
EMP0213,Nisha Patel,Station Master,Security,27739.16,ST065,2018-04-14,32,Male,12
EMP0214,Kiran Verma,Security Officer,Security,56973.65,ST069,2019-09-20,25,Male,22
EMP0215,Sunita Sharma,Train Driver,Security,39473.73,ST057,2004-03-17,46,Male,18
EMP0216,Arun Mukherjee,Train Manager,Engineering,50686.86,ST002,2007-03-14,41,Male,22
EMP0217,Sunita Das,Maintenance Engineer,Catering,100704.29,ST018,2012-08-12,48,Male,17
EMP0218,Nisha Sen,Guard,Administration,39251.57,ST014,2023-06-05,53,Female,20
EMP0219,Suresh Rao,Electrical Engineer,Catering,146639.97,ST046,2011-01-02,48,Male,6
EMP0220,Priya Bose,Catering Staff,Engineering,111025.49,ST062,2001-07-31,43,Female,1
EMP0221,Rahul Singh,Admin Staff,Operations,129404.02,ST064,2016-04-14,31,Male,25
EMP0222,Mohan Singh,Train Manager,Security,37661.31,ST033,2007-03-26,36,Male,10
EMP0223,Arun Chatterjee,Train Driver,Operations,126647.3,ST006,2016-01-12,40,Male,26
EMP0224,Divya Nair,Security Officer,Security,39487.63,ST006,2018-01-02,22,Female,22
EMP0225,Arjun Gupta,Cleaner,Administration,136815.95,ST035,2018-03-04,27,Male,27
EMP0226,Vikram Gupta,Guard,Safety,75031.28,ST059,2020-04-03,39,Male,23
EMP0227,Lata Mukherjee,Mechanical Engineer,Safety,106105.81,ST022,2004-11-13,29,Female,23
EMP0228,Nisha Verma,Electrical Engineer,Engineering,37964.14,ST062,2009-01-15,58,Male,6
EMP0229,Sita Iyer,Mechanical Engineer,Administration,101419.8,ST017,2012-04-15,52,Male,4
EMP0230,Anil Menon,Catering Staff,Operations,32917.01,ST041,2006-07-31,22,Female,22
EMP0231,Lata Nair,Booking Clerk,Catering,111030.21,ST013,2011-08-11,49,Female,16
EMP0232,Anita Iyer,Ticket Collector,Ticketing,128304.73,ST007,2020-07-06,22,Female,17
EMP0233,Lata Mukherjee,Electrical Engineer,Safety,133676.95,ST010,2009-08-19,53,Male,8
EMP0234,Vikram Rao,Train Driver,Catering,52838.32,ST049,2001-02-11,47,Female,3
EMP0235,Sanjay Chatterjee,Mechanical Engineer,Catering,81012.32,ST064,2005-07-19,50,Male,4
EMP0236,Geeta Sharma,Guard,Safety,76542.32,ST072,2014-09-30,57,Male,27
EMP0237,Amit Sen,Signal Operator,Security,63074.74,ST066,2012-05-15,57,Female,21
EMP0238,Divya Chatterjee,Cleaner,Administration,128163.87,ST029,2010-05-03,51,Male,18
EMP0239,Ravi Sen,Signal Operator,Safety,114582.26,ST047,2002-04-04,50,Male,4
EMP0240,Ravi Joshi,Train Driver,Administration,69392.37,ST038,2001-08-24,57,Male,23
EMP0241,Sunita Verma,Admin Staff,Engineering,86552.77,ST053,2008-02-05,28,Male,20
EMP0242,Suresh Mehta,Guard,Ticketing,74112.06,ST059,2013-06-05,34,Male,4
EMP0243,Ravi Menon,Train Driver,Security,129683.28,ST016,2019-10-04,50,Male,22
EMP0244,Ramesh Das,Ticket Collector,Safety,25542.2,ST007,2013-02-01,57,Male,27
EMP0245,Ramesh Mukherjee,Admin Staff,Catering,122635.19,ST023,2023-09-24,59,Female,24
EMP0246,Vijay Patel,Guard,Safety,107190.23,ST042,2020-01-31,54,Male,14
EMP0247,Sita Joshi,Maintenance Engineer,Safety,145449.19,ST038,2018-08-11,50,Female,5
EMP0248,Rekha Sen,Train Manager,Security,89036.83,ST071,2002-06-01,42,Female,7
EMP0249,Suresh Sen,Train Manager,Administration,110826.41,ST017,2011-12-09,33,Male,23
EMP0250,Sunita Pillai,Booking Clerk,Safety,97850.78,ST054,2018-09-19,56,Male,29
EMP0251,Lata Menon,Mechanical Engineer,Operations,90341.25,ST004,2023-11-29,46,Female,2
EMP0252,Divya Verma,Station Master,Administration,118773.13,ST021,2012-05-23,40,Male,5
EMP0253,Vijay Verma,Train Manager,Ticketing,61892.57,ST070,2015-06-11,24,Male,27
EMP0254,Sanjay Kumar,Signal Operator,Ticketing,109440.75,ST072,2023-10-11,36,Male,8
EMP0255,Mohan Reddy,Train Manager,Security,30872.49,ST049,2005-08-22,46,Male,26
EMP0256,Divya Nair,Booking Clerk,Operations,26620.65,ST033,2017-05-01,34,Male,27
EMP0257,Meena Pillai,Mechanical Engineer,Catering,93326.89,ST026,2001-01-29,34,Male,15
EMP0258,Kavita Singh,Ticket Collector,Engineering,116884.94,ST016,2021-10-09,46,Male,14
EMP0259,Arun Bose,Maintenance Engineer,Engineering,45116.11,ST033,2023-10-24,22,Male,15
EMP0260,Kiran Patel,Train Driver,Engineering,141078.53,ST007,2009-02-23,41,Male,26
EMP0261,Ramesh Bose,Cleaner,Operations,123003.93,ST041,2007-07-07,55,Female,6
EMP0262,Mohan Singh,Mechanical Engineer,Catering,44921.31,ST070,2002-04-06,56,Male,3
EMP0263,Anita Joshi,Admin Staff,Engineering,107916.81,ST043,2004-01-13,45,Male,7
EMP0264,Ravi Sen,Booking Clerk,Safety,149578.89,ST002,2001-06-22,29,Male,15
EMP0265,Meena Sen,Admin Staff,Catering,55478.4,ST006,2012-09-02,42,Male,30
EMP0266,Asha Kumar,Security Officer,Administration,92529.66,ST037,2020-01-14,23,Male,17
EMP0267,Asha Das,Catering Staff,Safety,30481.46,ST025,2007-12-07,42,Male,4
EMP0268,Kavita Bose,Booking Clerk,Operations,103366.63,ST027,2020-06-21,35,Male,27
EMP0269,Sunita Mehta,Booking Clerk,Ticketing,112842.86,ST056,2018-01-19,26,Female,1
EMP0270,Sanjay Nair,Train Driver,Operations,34156,ST023,2018-02-11,38,Male,19
EMP0271,Vijay Joshi,Admin Staff,Administration,75954.1,ST058,2012-02-12,47,Male,11
EMP0272,Rahul Iyer,Platform Supervisor,Operations,91854.3,ST009,2003-12-06,59,Male,23
EMP0273,Lata Singh,Cleaner,Catering,38266.94,ST039,2013-07-02,60,Male,10
EMP0274,Ravi Chatterjee,Security Officer,Safety,127765.3,ST004,2013-02-26,52,Female,18
EMP0275,Meena Patel,Train Manager,Safety,124596.3,ST070,2020-01-08,40,Female,10
EMP0276,Divya Pillai,Train Driver,Catering,134345.87,ST019,2014-06-21,29,Male,1
EMP0277,Ramesh Sen,Security Officer,Catering,93440.68,ST011,2018-08-28,41,Female,24
EMP0278,Nisha Pillai,Station Master,Safety,138203.5,ST066,2021-01-10,31,Female,6
EMP0279,Meena Sen,Electrical Engineer,Administration,49290.78,ST024,2004-01-25,58,Male,28
EMP0280,Ravi Bose,Catering Staff,Security,93708.08,ST038,2018-10-01,26,Male,4
EMP0281,Suresh Roy,Catering Staff,Administration,69642.29,ST031,2019-05-01,28,Male,20
EMP0282,Amit Mehta,Cleaner,Safety,81330.75,ST040,2013-09-26,59,Female,19
EMP0283,Ramesh Pillai,Mechanical Engineer,Administration,144832.37,ST022,2011-06-14,22,Male,8
EMP0284,Asha Joshi,Train Manager,Security,105104.82,ST036,2021-12-30,45,Female,22
EMP0285,Nisha Nair,Admin Staff,Safety,82856.05,ST046,2004-10-22,41,Male,18
EMP0286,Sunita Gupta,Platform Supervisor,Catering,35246.71,ST036,2020-03-20,30,Female,9
EMP0287,Nisha Singh,Train Manager,Operations,136513.15,ST065,2022-12-31,23,Male,25
EMP0288,Ramesh Mehta,Admin Staff,Operations,93949.25,ST070,2014-06-26,56,Male,21
EMP0289,Ravi Patel,Cleaner,Safety,52913.33,ST038,2010-12-24,30,Male,17
EMP0290,Mohan Singh,Security Officer,Administration,87770.91,ST031,2001-04-02,32,Female,15
EMP0291,Kavita Gupta,Signal Operator,Catering,107426.66,ST019,2016-08-22,52,Male,2
EMP0292,Meena Mukherjee,Station Master,Operations,58044.64,ST030,2013-10-23,24,Female,17
EMP0293,Shanti Pillai,Security Officer,Safety,139737.74,ST006,2022-04-02,24,Male,4
EMP0294,Kiran Das,Platform Supervisor,Ticketing,59186.91,ST034,2000-09-08,59,Female,13
EMP0295,Arjun Iyer,Cleaner,Catering,106667.07,ST010,2004-08-13,55,Male,13
EMP0296,Shanti Joshi,Booking Clerk,Safety,69112.25,ST045,2021-11-19,53,Male,29
EMP0297,Sita Sharma,Booking Clerk,Engineering,79987.34,ST030,2007-07-15,26,Male,7
EMP0298,Rajesh Gupta,Ticket Collector,Administration,100252.53,ST016,2006-08-19,36,Male,26
EMP0299,Vikram Kumar,Catering Staff,Security,84851.83,ST027,2020-09-06,59,Female,21
EMP0300,Vijay Menon,Train Driver,Engineering,30393.04,ST074,2023-12-11,59,Female,5
EMP0301,Arjun Das,Train Driver,Catering,43358.14,ST022,2002-06-17,38,Female,17
EMP0302,Deepak Sen,Signal Operator,Security,27327.5,ST037,2010-04-06,27,Female,15
EMP0303,Sita Mukherjee,Electrical Engineer,Safety,46320.85,ST053,2015-11-07,60,Female,26
EMP0304,Ramesh Gupta,Signal Operator,Security,88850.61,ST022,2020-05-13,43,Male,20
EMP0305,Ramesh Singh,Station Master,Safety,73182.74,ST014,2013-07-03,23,Female,17
EMP0306,Lata Das,Platform Supervisor,Safety,128314.27,ST013,2021-06-13,33,Male,29
EMP0307,Sita Sen,Train Driver,Ticketing,91428.74,ST016,2007-11-26,27,Male,22
EMP0308,Rajesh Sen,Booking Clerk,Ticketing,25150.03,ST056,2009-04-18,55,Male,12
EMP0309,Lata Verma,Train Manager,Catering,78619.53,ST062,2005-10-15,46,Male,19
EMP0310,Asha Roy,Guard,Safety,41735.39,ST062,2012-09-30,36,Male,10
EMP0311,Sita Bose,Security Officer,Administration,48627.63,ST001,2001-03-14,58,Male,17
EMP0312,Rahul Iyer,Platform Supervisor,Engineering,110970.84,ST041,2016-01-08,48,Male,4
EMP0313,Rajesh Menon,Platform Supervisor,Catering,56704.09,ST069,2018-07-22,49,Male,20
EMP0314,Arun Iyer,Mechanical Engineer,Engineering,76653.52,ST072,2002-01-25,52,Female,12
EMP0315,Usha Bose,Catering Staff,Administration,148563.53,ST074,2000-01-23,44,Male,24
EMP0316,Rajesh Kumar,Train Manager,Engineering,80824.36,ST021,2012-03-25,28,Female,17
EMP0317,Deepak Nair,Mechanical Engineer,Catering,101753.17,ST007,2019-06-23,32,Male,21
EMP0318,Rahul Singh,Electrical Engineer,Engineering,83958.58,ST056,2019-05-02,27,Male,9
EMP0319,Meena Pillai,Guard,Catering,29719.42,ST050,2021-03-30,47,Male,23
EMP0320,Sita Verma,Mechanical Engineer,Ticketing,46908.89,ST064,2017-11-05,50,Male,7
EMP0321,Lata Das,Maintenance Engineer,Engineering,29201.17,ST066,2006-02-05,55,Female,20
EMP0322,Kavita Verma,Cleaner,Engineering,106877.39,ST021,2013-08-14,27,Male,25
EMP0323,Deepak Pillai,Platform Supervisor,Safety,75681.37,ST026,2000-05-11,55,Male,24
EMP0324,Kiran Singh,Admin Staff,Operations,93699.08,ST072,2019-10-01,59,Male,12
EMP0325,Vijay Rao,Station Master,Catering,145382.14,ST059,2010-06-19,47,Male,9
EMP0326,Kavita Menon,Booking Clerk,Operations,94828.84,ST065,2022-12-28,40,Male,4
EMP0327,Asha Das,Maintenance Engineer,Catering,126643.42,ST074,2015-07-16,38,Male,13
EMP0328,Ramesh Mukherjee,Mechanical Engineer,Engineering,119684.16,ST059,2004-03-09,51,Male,16
EMP0329,Sunita Rao,Guard,Safety,104207.72,ST029,2009-10-19,36,Male,14
EMP0330,Anita Das,Booking Clerk,Operations,112602.32,ST034,2003-04-23,37,Male,3
EMP0331,Deepak Nair,Guard,Catering,141424.53,ST061,2002-07-11,42,Male,7
EMP0332,Anil Roy,Maintenance Engineer,Engineering,143389.76,ST025,2019-10-19,53,Female,8
EMP0333,Nisha Joshi,Electrical Engineer,Administration,50847.33,ST026,2005-12-07,37,Male,5
EMP0334,Ravi Kumar,Guard,Operations,109476.52,ST064,2004-01-09,22,Male,28
EMP0335,Geeta Pillai,Signal Operator,Administration,86542.55,ST074,2022-06-09,39,Male,6
EMP0336,Ravi Das,Maintenance Engineer,Safety,52761.6,ST074,2018-03-03,30,Male,17
EMP0337,Asha Menon,Catering Staff,Catering,29070.33,ST045,2016-05-09,47,Female,15
EMP0338,Sunita Das,Catering Staff,Administration,111151.32,ST002,2002-02-07,35,Male,19
EMP0339,Sunita Nair,Cleaner,Catering,132730.25,ST024,2010-12-28,57,Male,8
EMP0340,Arun Mukherjee,Signal Operator,Administration,70740.52,ST064,2007-03-07,49,Female,14
EMP0341,Kiran Pillai,Cleaner,Ticketing,75074.07,ST058,2009-11-02,33,Female,19
EMP0342,Divya Joshi,Electrical Engineer,Operations,115101.93,ST031,2014-01-07,57,Male,28
EMP0343,Deepak Mehta,Ticket Collector,Ticketing,144893.49,ST020,2010-04-03,52,Male,6
EMP0344,Rekha Mukherjee,Ticket Collector,Ticketing,103831.5,ST069,2006-01-18,42,Male,10
EMP0345,Arun Bose,Electrical Engineer,Catering,30963.66,ST013,2007-07-31,32,Male,7
EMP0346,Vijay Rao,Catering Staff,Ticketing,103732.78,ST058,2018-05-21,43,Male,12
EMP0347,Anita Bose,Booking Clerk,Ticketing,57214.35,ST003,2013-10-06,48,Male,12
EMP0348,Lata Sen,Station Master,Catering,96986.81,ST069,2002-07-07,33,Male,12
EMP0349,Vikram Das,Catering Staff,Ticketing,117065.77,ST011,2009-02-08,46,Male,15
EMP0350,Arjun Patel,Electrical Engineer,Engineering,105072.58,ST044,2023-01-25,48,Male,28
EMP0351,Shanti Singh,Guard,Engineering,67953.19,ST041,2016-09-11,42,Male,23
EMP0352,Arun Sen,Platform Supervisor,Safety,58906.01,ST057,2007-09-24,45,Male,14
EMP0353,Kavita Gupta,Electrical Engineer,Operations,40629.99,ST031,2019-09-10,38,Male,7
EMP0354,Kavita Iyer,Guard,Operations,32974.05,ST061,2012-10-27,57,Male,1
EMP0355,Ravi Iyer,Booking Clerk,Ticketing,149501.72,ST014,2009-07-14,38,Female,3
EMP0356,Arjun Iyer,Maintenance Engineer,Engineering,55924.56,ST037,2009-08-01,50,Female,5
EMP0357,Mohan Gupta,Train Driver,Operations,107943.64,ST042,2013-03-23,52,Male,28
EMP0358,Usha Rao,Booking Clerk,Safety,41889.36,ST070,2015-08-27,33,Male,21
EMP0359,Nisha Roy,Security Officer,Catering,104973.31,ST069,2023-04-17,41,Male,16
EMP0360,Usha Joshi,Mechanical Engineer,Operations,80232.54,ST047,2014-10-14,48,Male,5
EMP0361,Pooja Sharma,Train Driver,Catering,126922.47,ST018,2019-01-24,44,Male,16
EMP0362,Usha Sharma,Train Manager,Safety,143369.69,ST062,2000-07-25,41,Male,25
EMP0363,Rekha Reddy,Signal Operator,Engineering,124595.92,ST071,2002-06-30,45,Female,14
EMP0364,Anil Bose,Security Officer,Safety,56237.01,ST050,2006-03-01,46,Female,9
EMP0365,Amit Menon,Platform Supervisor,Engineering,89576.26,ST035,2017-05-02,40,Male,14
EMP0366,Suresh Singh,Ticket Collector,Engineering,61199.41,ST059,2009-11-15,50,Male,23
EMP0367,Sita Mukherjee,Station Master,Administration,27424.42,ST007,2013-06-05,56,Male,6
EMP0368,Sunita Reddy,Maintenance Engineer,Engineering,114399.49,ST002,2018-08-05,36,Male,5
EMP0369,Rahul Mukherjee,Station Master,Administration,77530.38,ST064,2014-11-25,45,Male,23
EMP0370,Asha Verma,Cleaner,Operations,130443.29,ST019,2007-03-10,25,Male,25
EMP0371,Deepak Singh,Booking Clerk,Safety,47700.47,ST033,2005-12-06,46,Male,4
EMP0372,Ravi Joshi,Security Officer,Ticketing,146871.53,ST032,2006-05-01,24,Female,15
EMP0373,Nisha Kumar,Booking Clerk,Security,147764.48,ST061,2008-01-29,46,Male,30
EMP0374,Vikram Gupta,Platform Supervisor,Security,30273.24,ST071,2023-02-08,55,Male,9
EMP0375,Geeta Reddy,Station Master,Administration,135939.95,ST028,2008-03-07,29,Female,21
EMP0376,Rekha Nair,Train Driver,Engineering,124298.8,ST075,2000-11-04,29,Male,26
EMP0377,Meena Sharma,Train Driver,Catering,122934.41,ST061,2015-12-07,60,Female,12
EMP0378,Ravi Singh,Station Master,Engineering,87489.9,ST044,2015-03-06,25,Male,12
EMP0379,Arjun Patel,Train Manager,Catering,123933.28,ST017,2022-03-20,53,Female,11
EMP0380,Usha Pillai,Mechanical Engineer,Safety,116648.6,ST003,2011-02-08,46,Male,24
EMP0381,Rajesh Rao,Admin Staff,Operations,85662.77,ST057,2001-07-17,57,Male,18
EMP0382,Kiran Mukherjee,Station Master,Catering,48328.34,ST045,2000-09-14,42,Male,9
EMP0383,Lata Sen,Admin Staff,Ticketing,94315.04,ST009,2000-03-16,55,Female,15
EMP0384,Pooja Rao,Booking Clerk,Administration,81759.87,ST065,2017-05-28,46,Female,29
EMP0385,Rahul Sen,Electrical Engineer,Administration,122002.07,ST031,2006-07-28,42,Male,22
EMP0386,Usha Iyer,Station Master,Catering,110403.02,ST071,2020-05-29,31,Male,11
EMP0387,Rekha Nair,Guard,Operations,90400.07,ST009,2009-08-27,24,Female,6
EMP0388,Lata Verma,Station Master,Operations,85671.29,ST013,2019-12-23,24,Male,22
EMP0389,Geeta Das,Signal Operator,Security,98787.61,ST007,2006-03-26,45,Female,20
EMP0390,Kiran Singh,Train Driver,Engineering,106968.67,ST011,2006-11-28,51,Male,12
EMP0391,Usha Menon,Electrical Engineer,Administration,124281.2,ST008,2019-01-20,39,Male,24
EMP0392,Amit Reddy,Guard,Engineering,145073.34,ST013,2018-08-05,28,Female,18
EMP0393,Deepak Mehta,Station Master,Catering,107109.56,ST073,2011-12-23,33,Male,24
EMP0394,Sunita Roy,Cleaner,Security,82340.07,ST055,2003-10-04,28,Female,26
EMP0395,Kavita Bose,Security Officer,Catering,67189.11,ST021,2017-02-02,56,Male,30
EMP0396,Anita Nair,Booking Clerk,Administration,130606.75,ST053,2010-09-25,49,Male,20
EMP0397,Meena Roy,Booking Clerk,Engineering,71882.88,ST071,2012-10-15,38,Male,15
EMP0398,Sanjay Iyer,Train Driver,Security,29332.86,ST037,2010-08-27,60,Male,17
EMP0399,Rajesh Reddy,Train Driver,Administration,148049.3,ST028,2023-05-31,42,Male,25
EMP0400,Vijay Rao,Admin Staff,Catering,88908.94,ST074,2004-11-21,58,Female,4
EMP0401,Priya Chatterjee,Cleaner,Engineering,42301.02,ST047,2010-08-20,59,Female,8
EMP0402,Arun Reddy,Guard,Catering,74974.78,ST028,2021-02-06,26,Male,26
EMP0403,Geeta Gupta,Catering Staff,Ticketing,137378.01,ST074,2005-10-20,28,Male,2
EMP0404,Nisha Roy,Security Officer,Operations,122515.24,ST043,2004-12-21,44,Male,14
EMP0405,Shanti Kumar,Electrical Engineer,Ticketing,53339.71,ST002,2012-02-07,46,Male,10
EMP0406,Mohan Verma,Cleaner,Catering,95614.11,ST042,2012-05-12,54,Female,5
EMP0407,Priya Iyer,Catering Staff,Ticketing,99391.52,ST065,2015-01-10,27,Female,14
EMP0408,Pooja Iyer,Ticket Collector,Engineering,67021.02,ST061,2004-02-25,58,Male,18
EMP0409,Deepak Rao,Guard,Safety,87727.89,ST017,2000-01-13,30,Male,18
EMP0410,Suresh Mukherjee,Security Officer,Security,96416.34,ST072,2005-01-30,55,Female,8
EMP0411,Amit Rao,Mechanical Engineer,Safety,65426.46,ST074,2005-04-14,27,Male,22
EMP0412,Rekha Menon,Cleaner,Administration,48811.22,ST045,2009-11-17,60,Male,25
EMP0413,Pooja Gupta,Cleaner,Catering,127698.01,ST057,2007-04-01,31,Male,2
EMP0414,Shanti Joshi,Station Master,Security,71727.6,ST011,2014-12-30,29,Male,8
EMP0415,Sita Patel,Electrical Engineer,Ticketing,127516.74,ST002,2005-01-17,43,Male,10
EMP0416,Sanjay Mukherjee,Train Driver,Administration,51126.19,ST069,2017-04-17,35,Female,18
EMP0417,Mohan Rao,Booking Clerk,Safety,102880.25,ST019,2010-06-07,23,Male,19
EMP0418,Anil Das,Train Driver,Administration,46289.96,ST037,2003-01-10,34,Male,2
EMP0419,Sanjay Sharma,Guard,Safety,107546.6,ST047,2010-08-06,28,Male,10
EMP0420,Lata Iyer,Station Master,Safety,88567.54,ST013,2002-09-20,42,Male,28
EMP0421,Sita Bose,Guard,Engineering,49859.4,ST059,2002-12-06,57,Male,2
EMP0422,Meena Das,Maintenance Engineer,Administration,86241.61,ST021,2016-09-21,23,Male,22
EMP0423,Anita Pillai,Platform Supervisor,Administration,54525.6,ST065,2011-08-13,39,Male,21
EMP0424,Arun Iyer,Admin Staff,Ticketing,148795.2,ST072,2012-07-10,39,Female,5
EMP0425,Vikram Iyer,Platform Supervisor,Engineering,35974.38,ST049,2007-01-13,55,Female,14
EMP0426,Meena Roy,Ticket Collector,Safety,146317.15,ST043,2004-04-07,50,Female,7
EMP0427,Arjun Patel,Signal Operator,Catering,110506.08,ST026,2021-12-16,30,Male,23
EMP0428,Kiran Das,Admin Staff,Engineering,78758.04,ST019,2005-07-12,58,Female,11
EMP0429,Amit Bose,Booking Clerk,Security,39798.41,ST041,2018-09-14,31,Male,25
EMP0430,Vikram Menon,Security Officer,Administration,80375.56,ST036,2018-10-30,31,Female,4
EMP0431,Rajesh Gupta,Train Driver,Ticketing,148244.45,ST035,2018-01-24,60,Female,20
EMP0432,Meena Joshi,Platform Supervisor,Operations,69907.67,ST062,2002-03-21,30,Male,23
EMP0433,Arjun Pillai,Ticket Collector,Ticketing,73432.54,ST061,2009-12-05,30,Female,7
EMP0434,Meena Verma,Security Officer,Ticketing,146101.89,ST035,2005-08-03,48,Female,24
EMP0435,Divya Mehta,Mechanical Engineer,Engineering,33267.04,ST057,2006-02-24,53,Male,28
EMP0436,Sanjay Joshi,Security Officer,Safety,122026.84,ST049,2020-04-02,42,Male,20
EMP0437,Nisha Roy,Signal Operator,Catering,90653.82,ST005,2002-11-01,55,Male,15
EMP0438,Sanjay Verma,Admin Staff,Engineering,89837.83,ST051,2010-09-05,24,Male,17
EMP0439,Ravi Verma,Station Master,Administration,79944.23,ST039,2000-02-12,40,Male,6
EMP0440,Rekha Reddy,Signal Operator,Operations,111244.12,ST019,2003-06-14,51,Male,3
EMP0441,Nisha Das,Guard,Engineering,122341.39,ST070,2011-01-03,30,Male,14
EMP0442,Vikram Chatterjee,Train Driver,Engineering,81710.09,ST026,2011-09-14,51,Male,9
EMP0443,Vikram Gupta,Train Manager,Security,40443.03,ST015,2021-08-19,50,Male,3
EMP0444,Mohan Iyer,Train Manager,Ticketing,146898.93,ST021,2007-12-02,46,Male,2
EMP0445,Ravi Gupta,Admin Staff,Administration,95686.45,ST020,2023-08-02,32,Female,6
EMP0446,Ravi Verma,Security Officer,Administration,63689.79,ST058,2022-06-26,40,Female,4
EMP0447,Anil Patel,Station Master,Operations,102820.04,ST033,2021-04-16,22,Male,16
EMP0448,Lata Mukherjee,Booking Clerk,Ticketing,25718.82,ST064,2000-01-13,37,Female,19
EMP0449,Divya Mukherjee,Catering Staff,Safety,80234.42,ST001,2006-09-13,37,Male,20
EMP0450,Arjun Bose,Electrical Engineer,Ticketing,50954.7,ST024,2012-10-10,31,Male,21
EMP0451,Anita Verma,Ticket Collector,Ticketing,29054.01,ST074,2021-10-20,60,Male,11
EMP0452,Shanti Singh,Train Driver,Operations,77119.62,ST023,2004-01-28,32,Male,20
EMP0453,Divya Sen,Signal Operator,Ticketing,95272.15,ST059,2018-10-26,59,Male,30
EMP0454,Priya Singh,Mechanical Engineer,Administration,65352.73,ST049,2002-04-09,26,Male,27
EMP0455,Usha Singh,Maintenance Engineer,Safety,41818.22,ST036,2021-05-20,43,Male,17
EMP0456,Suresh Mehta,Signal Operator,Operations,38662.78,ST068,2007-05-25,27,Male,24
EMP0457,Kiran Sen,Admin Staff,Ticketing,148284.81,ST037,2015-03-16,49,Male,9
EMP0458,Mohan Roy,Signal Operator,Administration,140888.17,ST073,2023-01-30,53,Male,16
EMP0459,Asha Gupta,Admin Staff,Catering,54090.2,ST038,2006-06-29,34,Male,4
EMP0460,Rahul Chatterjee,Platform Supervisor,Ticketing,39740.72,ST027,2008-12-26,48,Male,2
EMP0461,Vikram Pillai,Booking Clerk,Ticketing,104687.94,ST002,2014-06-03,34,Male,9
EMP0462,Asha Singh,Maintenance Engineer,Administration,88336.2,ST042,2021-08-04,22,Male,22
EMP0463,Vikram Nair,Security Officer,Security,96115.19,ST004,2001-01-25,33,Female,11
EMP0464,Vijay Nair,Admin Staff,Security,84888.53,ST061,2016-05-09,24,Female,16
EMP0465,Rajesh Chatterjee,Admin Staff,Ticketing,92120.94,ST043,2001-12-16,51,Male,30
EMP0466,Nisha Verma,Electrical Engineer,Catering,62417.97,ST041,2012-07-03,57,Male,7
EMP0467,Ramesh Nair,Mechanical Engineer,Ticketing,69199.44,ST020,2015-10-19,39,Male,11
EMP0468,Deepak Bose,Electrical Engineer,Engineering,96372.71,ST050,2012-06-29,33,Male,28
EMP0469,Asha Reddy,Train Manager,Ticketing,64312.42,ST005,2006-04-05,39,Male,3
EMP0470,Geeta Joshi,Cleaner,Safety,128682.18,ST039,2012-10-24,35,Male,6
EMP0471,Sunita Pillai,Mechanical Engineer,Operations,122223.8,ST012,2005-07-17,50,Male,26
EMP0472,Geeta Das,Ticket Collector,Engineering,67514.49,ST062,2008-05-10,55,Male,25
EMP0473,Vikram Patel,Mechanical Engineer,Ticketing,37281.45,ST067,2014-05-09,30,Female,24
EMP0474,Priya Chatterjee,Security Officer,Security,133101.28,ST015,2023-11-11,22,Male,30
EMP0475,Priya Sen,Electrical Engineer,Operations,66661.22,ST006,2002-05-03,28,Male,1
EMP0476,Ramesh Reddy,Platform Supervisor,Engineering,65110.05,ST025,2013-04-25,40,Male,18
EMP0477,Vikram Chatterjee,Platform Supervisor,Operations,59081.78,ST021,2001-10-26,39,Male,1
EMP0478,Sita Bose,Booking Clerk,Operations,50822.17,ST045,2007-09-30,57,Male,9
EMP0479,Rajesh Reddy,Signal Operator,Engineering,46409.37,ST040,2013-02-08,43,Male,2
EMP0480,Rajesh Sharma,Catering Staff,Security,31307,ST050,2023-07-28,25,Male,14
EMP0481,Deepak Gupta,Train Manager,Catering,136409.49,ST058,2020-05-20,44,Male,11
EMP0482,Vijay Mehta,Train Manager,Ticketing,108858.78,ST069,2020-03-18,27,Male,19
EMP0483,Rajesh Singh,Electrical Engineer,Ticketing,139961.13,ST060,2006-07-17,28,Male,10
EMP0484,Divya Chatterjee,Catering Staff,Engineering,143431.03,ST019,2015-10-07,38,Male,13
EMP0485,Kavita Nair,Mechanical Engineer,Ticketing,135300.49,ST059,2018-05-21,53,Male,3
EMP0486,Geeta Kumar,Cleaner,Safety,82655.21,ST022,2018-08-08,40,Male,20
EMP0487,Ramesh Patel,Booking Clerk,Operations,75710.75,ST014,2006-03-02,42,Male,26
EMP0488,Pooja Bose,Catering Staff,Safety,98816.99,ST031,2001-06-25,37,Female,16
EMP0489,Deepak Singh,Cleaner,Engineering,126739.46,ST056,2016-12-16,49,Male,18
EMP0490,Kiran Joshi,Ticket Collector,Security,108700.65,ST074,2002-01-30,53,Male,19
EMP0491,Sita Chatterjee,Cleaner,Catering,37206.74,ST057,2017-02-16,33,Male,13
EMP0492,Amit Sen,Guard,Security,126758.34,ST049,2000-06-04,42,Male,21
EMP0493,Divya Verma,Guard,Engineering,127129.2,ST075,2000-02-21,22,Female,22
EMP0494,Rajesh Chatterjee,Booking Clerk,Administration,73747.83,ST074,2014-06-29,50,Female,7
EMP0495,Divya Nair,Maintenance Engineer,Catering,124293.33,ST039,2005-05-11,49,Male,3
EMP0496,Ramesh Sharma,Signal Operator,Catering,75524.68,ST017,2021-08-06,40,Male,12
EMP0497,Anil Bose,Train Driver,Operations,112919.27,ST046,2022-03-05,29,Male,28
EMP0498,Rahul Joshi,Security Officer,Security,98770.48,ST041,2015-10-07,46,Male,13
EMP0499,Rekha Bose,Station Master,Security,46676.26,ST018,2009-08-08,34,Male,27
EMP0500,Shanti Pillai,Electrical Engineer,Safety,44283.41,ST017,2019-05-20,30,Male,3
